ScoreDiff_P4,Map,WinProb_Team1,CI_low,CI_high
-157.1,Apocalypse,0.015239233576327975,0.003600750073921399,0.0473378521618215
-155.654,Apocalypse,0.015814202111404333,0.0037816031778597665,0.0488267394333873
-154.208,Apocalypse,0.01641050241043938,0.003971503713437887,0.05044898210662567
-152.762,Apocalypse,0.017028898147219536,0.004170900565569979,0.05190309473762592
-151.316,Apocalypse,0.017670178206852013,0.004380264507070336,0.05339459313994337
-149.87,Apocalypse,0.01833515735343038,0.0046000892264160655,0.05492649357032237
-148.424,Apocalypse,0.019024676902093314,0.0048308923996692055,0.05648597849143973
-146.978,Apocalypse,0.019739605394229632,0.0050732168080206115,0.058113199267988254
-145.53199999999998,Apocalypse,0.02048083927445146,0.005327631502416641,0.05973631774879651
-144.08599999999998,Apocalypse,0.02124930356781583,0.0055947330167217865,0.06143314885373085
-142.64,Apocalypse,0.022045952555626205,0.005875146630854139,0.06316684629846132
-141.194,Apocalypse,0.022871770447985214,0.006169527685305058,0.06488301726352287
-139.748,Apocalypse,0.0237277720511015,0.006478562948418725,0.06679301887958122
-138.302,Apocalypse,0.02461500342717388,0.006802972037759735,0.06868021230665317
-136.856,Apocalypse,0.025534542544486886,0.007143508896836186,0.0708561895422712
-135.41,Apocalypse,0.02648749991515103,0.007500963328370593,0.07323946706364771
-133.964,Apocalypse,0.027475019217710454,0.00785932822367719,0.07527880313874867
-132.518,Apocalypse,0.028498277901618727,0.008174023710315628,0.07732317125812199
-131.072,Apocalypse,0.029558487770350115,0.008521018381370784,0.07941438654194272
-129.626,Apocalypse,0.030656895539669868,0.008948263285593045,0.08155650478061856
-128.18,Apocalypse,0.03179478336733171,0.009398281186438255,0.08375070123520573
-126.734,Apocalypse,0.03297346935020466,0.009871387680051358,0.08575593862994907
-125.288,Apocalypse,0.03419430798455473,0.010368061065542781,0.08793351136311099
-123.842,Apocalypse,0.03545869058491966,0.010889449592897511,0.09035023511645832
-122.39599999999999,Apocalypse,0.03676804565671835,0.011436754812357817,0.09282662021673886
-120.94999999999999,Apocalypse,0.03812383921742998,0.012011233774793737,0.09536306935506025
-119.50399999999999,Apocalypse,0.03952757506086405,0.012534149631875375,0.09800971562926308
-118.05799999999999,Apocalypse,0.0409807949587196,0.013071499402820342,0.10062472705921992
-116.612,Apocalypse,0.04248507879330397,0.01363158120921226,0.10332481932683485
-115.166,Apocalypse,0.04404204461494815,0.01428500815372642,0.1060407453590944
-113.72,Apocalypse,0.045653348617318325,0.014992117261416416,0.10881939795243178
-112.274,Apocalypse,0.047320685023485826,0.015847516658401384,0.11166176801060014
-110.828,Apocalypse,0.0490457858752787,0.016630549174998458,0.11456883766402477
-109.382,Apocalypse,0.050830420718104195,0.017475184957542286,0.11754157868977637
-107.93599999999999,Apocalypse,0.05267639617310163,0.01820246797672716,0.12058095086726743
-106.49,Apocalypse,0.054585555388165,0.019058345047864484,0.12368790026998665
-105.044,Apocalypse,0.05655977735906598,0.019991506383188813,0.12710464525820714
-103.598,Apocalypse,0.05860097611161559,0.02096938949350142,0.13080475346592632
-102.15199999999999,Apocalypse,0.060711099735530315,0.0219940402157425,0.13439822487055633
-100.70599999999999,Apocalypse,0.06289212926042102,0.023069034083286068,0.13791100147900404
-99.25999999999999,Apocalypse,0.06514607736410372,0.02405257734339006,0.14150060475933582
-97.814,Apocalypse,0.06747498690324939,0.024958938185815592,0.14516792824389438
-96.368,Apocalypse,0.06988092925624627,0.02612982995916404,0.1489138336605176
-94.922,Apocalypse,0.07236600246805339,0.027204043012948504,0.15273914837313254
-93.476,Apocalypse,0.07493232918678192,0.02832619603527689,0.15664466276584602
-92.03,Apocalypse,0.07758205438176065,0.029677911280640668,0.16061718112371398
-90.584,Apocalypse,0.08031734283292777,0.03084227618995593,0.1646664579090283
-89.13799999999999,Apocalypse,0.08314037638155569,0.03220262592056272,0.16879730293627254
-87.692,Apocalypse,0.08605335093256228,0.03388090595233916,0.17300771066859302
-86.246,Apocalypse,0.0890584731990011,0.035381026991748186,0.17737623723363702
-84.8,Apocalypse,0.09215795717976491,0.037128409998098896,0.18250910910859533
-83.354,Apocalypse,0.09535402036208603,0.03886612762770375,0.18750855244886702
-81.908,Apocalypse,0.09864887964108514,0.040343635838428524,0.1915867386853009
-80.462,Apocalypse,0.10204474694941779,0.04187787111053355,0.19596819876343324
-79.01599999999999,Apocalypse,0.10554382459099403,0.04346784319015706,0.20140234225468057
-77.57,Apocalypse,0.10914830027382501,0.04550725415205833,0.20652524664984354
-76.124,Apocalypse,0.11286034183827048,0.04742541295446819,0.2117171299202636
-74.678,Apocalypse,0.11668209167834548,0.049473845267207425,0.21766511766973493
-73.232,Apocalypse,0.12061566085528694,0.05142750236524869,0.22242559853520164
-71.786,Apocalypse,0.12466312290429714,0.053657324076624636,0.2279566844362242
-70.34,Apocalypse,0.128826507337262,0.05597838672116844,0.2335771275904442
-68.89399999999999,Apocalypse,0.13310779284630356,0.0583534505083247,0.23941549130787643
-67.448,Apocalypse,0.13750890021525536,0.060869876663640556,0.24605814801895987
-66.002,Apocalypse,0.14203168494855575,0.06350753454662429,0.2528239339612282
-64.556,Apocalypse,0.1466779296296239,0.06621739055814913,0.25982838994293217
-63.11,Apocalypse,0.15144933602351604,0.06903659091702014,0.2673512988356736
-61.664,Apocalypse,0.1563475169415446,0.07196680335084317,0.27500768117110913
-60.218,Apocalypse,0.16137398788856439,0.07501985553043157,0.28150278161648845
-58.77199999999999,Apocalypse,0.16653015851677613,0.07820144560089899,0.2884544850356368
-57.32599999999999,Apocalypse,0.17181732391314816,0.08151288193042121,0.2959539420617804
-55.879999999999995,Apocalypse,0.1772366557508862,0.08528899353319332,0.3030374937870233
-54.434,Apocalypse,0.1827891933387677,0.08847899819241835,0.30928294983064314
-52.988,Apocalypse,0.18847583460556463,0.09214627147321264,0.3156756022927294
-51.542,Apocalypse,0.19429732706017935,0.095973160096218,0.3223870708149713
-50.096000000000004,Apocalypse,0.2002542587714678,0.09994152003183239,0.3315243492704086
-48.64999999999999,Apocalypse,0.20634704941498827,0.10431068647481745,0.33779672493523166
-47.20399999999999,Apocalypse,0.2125759414370414,0.1089926354799333,0.345457144515881
-45.757999999999996,Apocalypse,0.2189409913893161,0.11386388476435408,0.35381583990268606
-44.312,Apocalypse,0.22544206149017199,0.11880005013160315,0.3627511827099218
-42.866,Apocalypse,0.23207881147102374,0.12382289378107272,0.3720681691764079
-41.42,Apocalypse,0.23885069076839063,0.12761005359454652,0.38194357145075386
-39.974000000000004,Apocalypse,0.2457569311238831,0.13210963780906504,0.3923144636634916
-38.52799999999999,Apocalypse,0.25279653965566184,0.13723899939896997,0.402492271174202
-37.081999999999994,Apocalypse,0.2599682924656748,0.14248022277135822,0.4118059006253238
-35.635999999999996,Apocalypse,0.2672707288472035,0.1480064316577815,0.4218553634866719
-34.19,Apocalypse,0.2747021461568766,0.15370884398201407,0.43079982510563347
-32.744,Apocalypse,0.28226059541431137,0.1594395800829927,0.4420482671066161
-31.298000000000002,Apocalypse,0.28994387769086544,0.16439920211342443,0.45008159908735934
-29.852000000000004,Apocalypse,0.29774954134661086,0.16950491224896097,0.4609724008941358
-28.406000000000006,Apocalypse,0.3056748801715426,0.17473644867818683,0.4711477896868284
-26.960000000000008,Apocalypse,0.31371693248320476,0.1802426402829752,0.48220939170558685
-25.51400000000001,Apocalypse,0.32187248122834683,0.1866489665233063,0.4934982075789706
-24.068000000000012,Apocalypse,0.3301380551309241,0.19219942214709468,0.5038711077855612
-22.621999999999986,Apocalypse,0.33850993092274906,0.20011413982489296,0.5143839761417325
-21.175999999999988,Apocalypse,0.3469841366864105,0.20588540420300575,0.5261311733350059
-19.72999999999999,Apocalypse,0.35555645633276284,0.21145502305121533,0.5347929206387249
-18.283999999999992,Apocalypse,0.3642224352273847,0.2170276809947653,0.544984388174572
-16.837999999999994,Apocalypse,0.3729773869720043,0.2227057462283366,0.5551985764070321
-15.391999999999996,Apocalypse,0.3818164013380575,0.22848903717272764,0.5630882925170075
-13.945999999999998,Apocalypse,0.39073435334037093,0.2343898028212939,0.5720806161414024
-12.5,Apocalypse,0.39972591342956565,0.2408994318771101,0.5810255367147873
-11.054000000000002,Apocalypse,0.40878555877224404,0.24754206065578355,0.5908280455136132
-9.608000000000004,Apocalypse,0.417907585578489,0.2543115641417335,0.6038576632298478
-8.162000000000006,Apocalypse,0.42708612242678334,0.26120193027088323,0.6154047325213438
-6.716000000000008,Apocalypse,0.4363151445272717,0.2679853889558653,0.625127188465819
-5.27000000000001,Apocalypse,0.4455884888554691,0.27512910200808377,0.6346629354352284
-3.8240000000000123,Apocalypse,0.4548998700801856,0.2822146337973803,0.6437022424357509
-2.377999999999986,Apocalypse,0.464242897201714,0.2896349738620011,0.653703274477591
-0.931999999999988,Apocalypse,0.47361109080931774,0.29741321755880995,0.6629392278753254
0.51400000000001,Apocalypse,0.4829979008608787,0.3049937475837034,0.670637769067027
1.960000000000008,Apocalypse,0.49239672488229913,0.31268150343766865,0.6804189887660824
3.406000000000006,Apocalypse,0.5018009264799876,0.3219599938924581,0.6873896526525827
4.852000000000004,Apocalypse,0.5112038540565587,0.3297005355163971,0.6983219626473733
6.298000000000002,Apocalypse,0.5205988596177912,0.3366955366644414,0.7087560383701103
7.744,Apocalypse,0.5299793175579498,0.34555072723636937,0.7168196609329235
9.189999999999998,Apocalypse,0.5393386433107967,0.3551580102926413,0.7245757433906345
10.635999999999996,Apocalypse,0.5486703117550032,0.36453514959526956,0.7326016991828411
12.081999999999994,Apocalypse,0.5579678752651874,0.37064124606113946,0.7411229317895839
13.527999999999992,Apocalypse,0.5672249813034176,0.3782942069243322,0.7507139025699103
14.97399999999999,Apocalypse,0.5764353894506805,0.3861414838893513,0.7600449436869421
16.419999999999987,Apocalypse,0.5855929877834327,0.39545397599610493,0.7691340714589373
17.866000000000014,Apocalypse,0.5946918085068694,0.4051460627588789,0.7779794271952919
19.312000000000012,Apocalypse,0.6037260427638309,0.41358827748657545,0.7865798560646768
20.75800000000001,Apocalypse,0.612690054546249,0.42416068800134255,0.7949121655972029
22.204000000000008,Apocalypse,0.6215783936445577,0.4336398810065793,0.8021406433418017
23.650000000000006,Apocalypse,0.6303858075794773,0.4412422806801007,0.809184572249956
25.096000000000004,Apocalypse,0.6391072524698619,0.4490393730123234,0.8160182466141622
26.542,Apocalypse,0.6477379027997898,0.45780072519596493,0.822660586733554
27.988,Apocalypse,0.6562731600576107,0.46683112213333566,0.8291133343297084
29.433999999999997,Apocalypse,0.664708660229171,0.47511936868588384,0.8353782711495513
30.879999999999995,Apocalypse,0.6730402801367531,0.484956251697486,0.8413957549117124
32.32599999999999,Apocalypse,0.6812641426243224,0.49404785482224506,0.8473642974945909
33.77199999999999,Apocalypse,0.6893766205983533,0.5022952400755073,0.8530985241783763
35.21799999999999,Apocalypse,0.6973743399417217,0.5087979779852786,0.8590030491073156
36.66399999999999,Apocalypse,0.7052541813258436,0.5173523597616766,0.8648415556180842
38.109999999999985,Apocalypse,0.7130132809533111,0.5257646443074813,0.8707779969760263
39.55600000000001,Apocalypse,0.72064903026972,0.5334902979502275,0.8755393545381928
41.00200000000001,Apocalypse,0.7281590746891129,0.541153757853067,0.8798764632535493
42.44800000000001,Apocalypse,0.7355413113824936,0.5487820644647765,0.8848209579861065
43.894000000000005,Apocalypse,0.7427938861831422,0.5577122814974396,0.8897862900521568
45.34,Apocalypse,0.7499151896660246,0.5658237434428215,0.8946148950371824
46.786,Apocalypse,0.7569038524613928,0.573354980565218,0.8992543252542706
48.232,Apocalypse,0.7637587398647893,0.5808643678655511,0.903709629308899
49.678,Apocalypse,0.7704789458070705,0.5880947743249985,0.9079880654892436
51.123999999999995,Apocalypse,0.7770637862488258,0.5950126578795026,0.9120948912189518
52.56999999999999,Apocalypse,0.7835127920637037,0.601924439561545,0.9160353652983316
54.01599999999999,Apocalypse,0.7898257014747174,0.6089691997534112,0.9198147309371831
55.46199999999999,Apocalypse,0.7960024521066367,0.6171237787761308,0.9234382003632203
56.90799999999999,Apocalypse,0.8020431727161339,0.624946487774493,0.9269109409452738
58.353999999999985,Apocalypse,0.8079481746594869,0.6321189580592215,0.9302380627646138
59.80000000000001,Apocalypse,0.8137179431554076,0.6392334453493933,0.9334246075633441
61.24600000000001,Apocalypse,0.8193531283980181,0.6462873344779801,0.9364755389957556
62.69200000000001,Apocalypse,0.8248545365721852,0.6532781113111135,0.939395734106651
64.138,Apocalypse,0.8302231208203961,0.6602033655018804,0.94218997595978
65.584,Apocalypse,0.8354599722071826,0.6670607929018012,0.9448629473395669
67.03,Apocalypse,0.8405663107237872,0.6738497347796524,0.9474192254500985
68.476,Apocalypse,0.8455434763724017,0.6805954329480939,0.9498632775367745
69.922,Apocalypse,0.850392920365894,0.687236110444449,0.9524452425820163
71.368,Apocalypse,0.8551161964755382,0.693791270902066,0.9549352388148491
72.814,Apocalypse,0.8597149525558957,0.7002689567653714,0.9573006670431305
74.25999999999999,Apocalypse,0.864190922272692,0.7066675399674829,0.9595471604487233
75.70599999999999,Apocalypse,0.8685459170563206,0.7129931870453657,0.96162077957043
77.15199999999999,Apocalypse,0.8727818183005069,0.7192383214511693,0.9633107940274341
78.59799999999998,Apocalypse,0.8769005698226915,0.7253999014418057,0.9648975200399661
80.04400000000001,Apocalypse,0.8809041705998645,0.731476743993156,0.9664180014700148
81.49000000000001,Apocalypse,0.8847946677909154,0.7374677772392186,0.9678748012958733
82.936,Apocalypse,0.888574150054048,0.7433862501846538,0.9693257836107879
84.382,Apocalypse,0.892244741165476,0.750255795625419,0.9708664780263689
85.828,Apocalypse,0.8958085939434512,0.7563046823250292,0.9724105390715413
87.274,Apocalypse,0.8992678844796773,0.7618111351908027,0.9738749469604205
88.72,Apocalypse,0.9026248066783519,0.7669951554648333,0.9752211801880578
90.166,Apocalypse,0.9058815671014244,0.771818703186482,0.9764085574251944
91.612,Apocalypse,0.9090403801171836,0.7769350023102556,0.9775369070854267
93.05799999999999,Apocalypse,0.912103463347957,0.7822137378249402,0.9786090618448667
94.50399999999999,Apocalypse,0.9150730334115508,0.7874017821552816,0.9795163998601848
95.94999999999999,Apocalypse,0.9179513019500306,0.792502233800655,0.9804382593164346
97.39599999999999,Apocalypse,0.9207404719385764,0.7975228146868003,0.9813973506129586
98.84199999999998,Apocalypse,0.923442734266385,0.8028474441483417,0.9823102666318574
100.28799999999998,Apocalypse,0.9260602645809881,0.8082051267602625,0.9831772820434098
101.73400000000001,Apocalypse,0.9285952203868337,0.8134510125376028,0.983917312987044
103.17999999999998,Apocalypse,0.9310497383885827,0.8185855906659164,0.9846043908440691
104.626,Apocalypse,0.9334259320692705,0.8230571955913368,0.9853183271763927
106.07199999999997,Apocalypse,0.9357258894932657,0.8266643234300498,0.9860401489368752
107.518,Apocalypse,0.9379516713238298,0.8307183196784136,0.9867260453107177
108.96399999999997,Apocalypse,0.9401053090450153,0.8344047783143599,0.9873786683377994
110.41,Apocalypse,0.9421888033776524,0.8385229429425606,0.9879995908926005
111.85600000000002,Apocalypse,0.9442041228792272,0.8426372051189724,0.9885864845415326
113.30199999999999,Apocalypse,0.9461532027175821,0.8466680124588762,0.9891093118817281
114.74800000000002,Apocalypse,0.948037943608516,0.850613875958563,0.9895791274571386
116.19399999999999,Apocalypse,0.9498602109075626,0.854475649301866,0.9900159419976325
117.64000000000001,Apocalypse,0.9516218338464618,0.8579948753169665,0.990499215356052
119.08599999999998,Apocalypse,0.9533246049050865,0.8614541112173058,0.9909593080391964
120.53200000000001,Apocalypse,0.9549702793098751,0.8650775564364801,0.9913854537676151
121.97799999999998,Apocalypse,0.956560574650118,0.8686367993780795,0.9917812059181581
123.424,Apocalypse,0.9580971706037569,0.8721103128690065,0.9921589195396008
124.86999999999998,Apocalypse,0.9595817087646815,0.875493454052319,0.9925497587099553
126.316,Apocalypse,0.9610157925638436,0.8787995022703836,0.9929215570579792
127.76199999999997,Apocalypse,0.9624009872768374,0.8813303291492868,0.9932688563578638
129.208,Apocalypse,0.9637388201109399,0.8837972943447376,0.9935723016885442
130.65399999999997,Apocalypse,0.9650307803649388,0.886220536536739,0.9938621466220388
132.1,Apocalypse,0.9662783196554171,0.8891451160295402,0.9941387909439652
-157.1,Combine,0.010411963407181363,0.0020976881317662454,0.03815433052949915
-155.654,Combine,0.010806800199126604,0.0021869462866546366,0.038988110901776334
-154.208,Combine,0.011216440067990325,0.0022723599422679788,0.0398784522094367
-152.762,Combine,0.011641424903938736,0.00236200558430311,0.041041037714577906
-151.316,Combine,0.012082315423232496,0.00246495593134475,0.042231812338294435
-149.87,Combine,0.012539691743882588,0.0025769524417969965,0.04370721839397719
-148.424,Combine,0.013014153972673205,0.0027057527487485264,0.045419199311895114
-146.978,Combine,0.013506322803232464,0.0028398360353553104,0.04680790506922131
-145.53199999999998,Combine,0.014016840124770629,0.002982944382003478,0.047921562941149326
-144.08599999999998,Combine,0.014546369641037204,0.003131837322611889,0.049051117925547796
-142.64,Combine,0.015095597498976822,0.0032881927483180717,0.05020589741726644
-141.194,Combine,0.01566523292648375,0.0034526883219304777,0.05156934597283413
-139.748,Combine,0.01625600887857125,0.0036253832060133915,0.05305132118620033
-138.302,Combine,0.016868682691179665,0.0038066830366230682,0.05480275209288814
-136.856,Combine,0.01750403674174918,0.003997013203411286,0.05667508880066886
-135.41,Combine,0.018162879115577426,0.0041968197793341416,0.0583881563248787
-133.964,Combine,0.01884604427686875,0.004406570490785849,0.060602513932598495
-132.518,Combine,0.019554393743260835,0.004619941080298445,0.06287266221878518
-131.072,Combine,0.020288816762484677,0.004847717486377257,0.0652156540857323
-129.626,Combine,0.021050230989675345,0.005092587008247668,0.06679755107801096
-128.18,Combine,0.02183958316370389,0.005340908359466922,0.06838157558664786
-126.734,Combine,0.02265784978074365,0.005554195521295308,0.07012571722370708
-125.288,Combine,0.023506037763117764,0.005775951301073508,0.07291990861748189
-123.842,Combine,0.024385185121298135,0.006013089322389155,0.07581124864470615
-122.39599999999999,Combine,0.025296361606738968,0.006310018113951628,0.07879897994266441
-120.94999999999999,Combine,0.02624066935303086,0.006621525556190774,0.08189419103267323
-119.50399999999999,Combine,0.02721924350265294,0.006948635468157232,0.08509728099897121
-118.05799999999999,Combine,0.028233252816381428,0.007291810247829014,0.08790374254408805
-116.612,Combine,0.029283900262182794,0.007651812629623305,0.0910794581850518
-115.166,Combine,0.03037242358017843,0.008028102267009018,0.09356414375366204
-113.72,Combine,0.03150009582001523,0.008326032199647225,0.09610973927435942
-112.274,Combine,0.032668225846713465,0.008635005009750929,0.09876023263140384
-110.828,Combine,0.03387815881078893,0.00907903516008469,0.10269362916620896
-109.382,Combine,0.03513127657816206,0.009599067983668623,0.10677742019491955
-107.93599999999999,Combine,0.03642899811507239,0.010150577030324385,0.11100212418404544
-106.49,Combine,0.03777277982291264,0.010620369954369463,0.11458790604309839
-105.044,Combine,0.039164115817584395,0.011077233362550702,0.11772131462068612
-103.598,Combine,0.04060453814765705,0.011553541994512428,0.12093985734817073
-102.15199999999999,Combine,0.042095616945284596,0.012050104374485286,0.12391612517689317
-100.70599999999999,Combine,0.0436389605035031,0.012667780164211113,0.12693570444790003
-99.25999999999999,Combine,0.04523621527319462,0.013322972536546096,0.13149008554001843
-97.814,Combine,0.046889065772666404,0.014011597033503097,0.13694117149751792
-96.368,Combine,0.048599234402454804,0.014735309595119633,0.14191465296116776
-94.922,Combine,0.05036848115762822,0.015465444619426252,0.14606533506572314
-93.476,Combine,0.05219860322953222,0.01595498542933503,0.15176994721952786
-92.03,Combine,0.054091434488596934,0.01650448807813694,0.15790265687955485
-90.584,Combine,0.05604884483951482,0.017349819579179887,0.16202808410591565
-89.13799999999999,Combine,0.0580727394398002,0.017978187513570273,0.1666641106370676
-87.692,Combine,0.06016505777246416,0.01864310570680878,0.17278416022044393
-86.246,Combine,0.062327772563282924,0.01953214715883642,0.1789968473831561
-84.8,Combine,0.06456288853291273,0.020462773664019995,0.18467589221879788
-83.354,Combine,0.06687244097391055,0.021444615579919484,0.19063547806463035
-81.908,Combine,0.0692584941425669,0.022391930560345972,0.19754271531019993
-80.462,Combine,0.07172313945534876,0.023285109421313878,0.20463694589069495
-79.01599999999999,Combine,0.07426849347969472,0.024206722036867453,0.21191866788322344
-77.57,Combine,0.07689669570890664,0.02516116672224155,0.2193880308622567
-76.124,Combine,0.07960990611095263,0.026152239474250577,0.22704481698638704
-74.678,Combine,0.08241030244113673,0.026982681262352412,0.23488842281559869
-73.232,Combine,0.08530007730881804,0.02825043013211366,0.24291784204493938
-71.786,Combine,0.08828143498867604,0.029365391213571578,0.24950089795112715
-70.34,Combine,0.09135658796743282,0.030550393972371196,0.25433771416853695
-68.89399999999999,Combine,0.09452775321746476,0.031895613686140196,0.262575463077862
-67.448,Combine,0.0977971481893731,0.032966956851288184,0.2710954863413156
-66.002,Combine,0.10116698651634544,0.03406739226776586,0.2800091784664985
-64.556,Combine,0.10463947342403462,0.03527337801301564,0.28897706260824807
-63.11,Combine,0.10821680084071815,0.03645518560607274,0.29806655994361686
-61.664,Combine,0.11190114220368577,0.03809147667080511,0.3061631530730447
-60.218,Combine,0.11569464695914469,0.039428041656510635,0.313936678153769
-58.77199999999999,Combine,0.11959943475443295,0.04117992763831086,0.32177388458944817
-57.32599999999999,Combine,0.12361758932300233,0.042800656309964,0.329694119845456
-55.879999999999995,Combine,0.1277511520644725,0.04407478012490006,0.33888420820300863
-54.434,Combine,0.13200211532407158,0.045385040493493616,0.34893603325212497
-52.988,Combine,0.13637241537796563,0.046733197823831306,0.35900868330914876
-51.542,Combine,0.14086392513334134,0.04812315955451331,0.3669935289998541
-50.096000000000004,Combine,0.14547844655463324,0.04955235725429175,0.3743886217081438
-48.64999999999999,Combine,0.15021770282998062,0.051246315593541765,0.38262489752411016
-47.20399999999999,Combine,0.1550833302948449,0.053500098839318944,0.39124492223648866
-45.757999999999996,Combine,0.16007687013270708,0.05609803079612018,0.3999333537822173
-44.312,Combine,0.16519975987588106,0.05851780065748345,0.41012558129975596
-42.866,Combine,0.17045332473270305,0.06022164156221823,0.4209218188546937
-41.42,Combine,0.175838768770671,0.06200802249624683,0.43179448622971145
-39.974000000000004,Combine,0.18135716598848037,0.06398243343895993,0.4416344935600384
-38.52799999999999,Combine,0.18700945131330926,0.06587219404023818,0.45069926180546294
-37.081999999999994,Combine,0.19279641156311067,0.06808034639258932,0.46346489772950944
-35.635999999999996,Combine,0.19871867641703764,0.07104400954125469,0.47097930227451934
-34.19,Combine,0.2047767094404147,0.07425060530952227,0.47832693514221136
-32.744,Combine,0.21097079921383846,0.07671123176289137,0.490926193608602
-31.298000000000002,Combine,0.2173010506189873,0.07980453042060418,0.503859234710732
-29.852000000000004,Combine,0.2237673763365018,0.08300384102770776,0.5131175964849807
-28.406000000000006,Combine,0.23036948861380852,0.08631386582747091,0.5223668054963747
-26.960000000000008,Combine,0.2371068913629497,0.08976722486584714,0.531635663303079
-25.51400000000001,Combine,0.2439788726502929,0.09355267932597613,0.5429579942979641
-24.068000000000012,Combine,0.25098449764137876,0.09682597520518903,0.554233763770399
-22.621999999999986,Combine,0.2581226020650668,0.0999706864864199,0.5654540066734279
-21.175999999999988,Combine,0.26539178626150406,0.10320587127654193,0.5766365629262947
-19.72999999999999,Combine,0.2727904098782332,0.10653336910386536,0.5878435476115561
-18.283999999999992,Combine,0.2803165872779136,0.10996732545057492,0.5986943477413923
-16.837999999999994,Combine,0.287968183719636,0.11350588087692216,0.607017881162887
-15.391999999999996,Combine,0.29574281237361455,0.1175645838108041,0.6158638644084772
-13.945999999999998,Combine,0.3036378322261313,0.12190151113677591,0.6246338553031726
-12.5,Combine,0.31165034692796423,0.12637191611493687,0.633144677951827
-11.054000000000002,Combine,0.31977720463515197,0.13007912890588516,0.6419871371529204
-9.608000000000004,Combine,0.32801499888582836,0.13387844293290038,0.6505669389132196
-8.162000000000006,Combine,0.33636007055103895,0.13777116513883841,0.6605050108991799
-6.716000000000008,Combine,0.34480851089092635,0.14175856220296434,0.6715709265802708
-5.27000000000001,Combine,0.353356165740514,0.1458418564482516,0.6824252948882753
-3.8240000000000123,Combine,0.3619986408415596,0.15002222162868556,0.6921285527784368
-2.377999999999986,Combine,0.3707313083286677,0.15442627990577218,0.7005274410064392
-0.931999999999988,Combine,0.3795493143691186,0.15866681813515973,0.708793357857549
0.51400000000001,Combine,0.38844758794678047,0.1634755401949685,0.7169230462809854
1.960000000000008,Combine,0.39742085077111544,0.16882950245654954,0.7249135696285925
3.406000000000006,Combine,0.4064636282827861,0.17386278934792276,0.7327623092820214
4.852000000000004,Combine,0.4155702617178229,0.17901382587591608,0.7404283519069917
6.298000000000002,Combine,0.42473492118284967,0.18428344126659382,0.7491848320408162
7.744,Combine,0.4339516196846082,0.18967235086348874,0.7580961024835398
9.189999999999998,Combine,0.44321422804809957,0.195191487410342,0.7667892553469219
10.635999999999996,Combine,0.4525164906491878,0.20083676898540728,0.7752625448162629
12.081999999999994,Combine,0.4618520418796233,0.20585092631510507,0.783514806864215
13.527999999999992,Combine,0.47121442325524027,0.2107335485559906,0.7915454342125364
14.97399999999999,Combine,0.4805971010716837,0.21662379518142455,0.7993543495474548
16.419999999999987,Combine,0.48999348450651226,0.22164001236112957,0.8069419773319378
17.866000000000014,Combine,0.4993969440620012,0.22650128397610678,0.813873658594328
19.312000000000012,Combine,0.5088008302394843,0.23143748125267563,0.8200387708867856
20.75800000000001,Combine,0.5181984923337107,0.23671639452797053,0.8260432024245479
22.204000000000008,Combine,0.5275832972344435,0.244092890006326,0.8318648297012586
23.650000000000006,Combine,0.5369486481224671,0.2501170794740019,0.8377722063509374
25.096000000000004,Combine,0.5462880029482446,0.2575665458871171,0.844019807306994
26.542,Combine,0.5555948925837061,0.2642612110700211,0.8502233087844472
27.988,Combine,0.564862938540979,0.2723857324145237,0.8559432457476281
29.433999999999997,Combine,0.5740858701562757,0.28063566263883793,0.8616344081854201
30.879999999999995,Combine,0.5832575411425307,0.2882372376306556,0.8671356031481503
32.32599999999999,Combine,0.5923719454206792,0.29519110019245043,0.8724504260363143
33.77199999999999,Combine,0.6014232321465646,0.30224148554456376,0.8775826295710376
35.21799999999999,Combine,0.6104057198582784,0.30924486203697754,0.8825361016319865
36.66399999999999,Combine,0.6193139096771337,0.31599256852385116,0.8873148441746668
38.109999999999985,Combine,0.6281424975043469,0.32281871526723116,0.8924774985380354
39.55600000000001,Combine,0.6368863851647265,0.3297569305375587,0.8976656729287612
41.00200000000001,Combine,0.6455406904581039,0.3367761126563134,0.9026307858159752
42.44800000000001,Combine,0.6541007560887944,0.3438682322672972,0.9073798204484324
43.894000000000005,Combine,0.6625621574528807,0.35144894781671804,0.9119151173852581
45.34,Combine,0.6709207092725019,0.3607227687590092,0.9155376143204921
46.786,Combine,0.6791724710754546,0.36978392243854646,0.9187197341069677
48.232,Combine,0.687313751527204,0.3776510457214739,0.9217823071454466
49.678,Combine,0.6953411116307361,0.385583137108833,0.9247389365680236
51.123999999999995,Combine,0.7032513668175214,0.39357646830875975,0.9275925828219267
52.56999999999999,Combine,0.711041587960093,0.4014788021245688,0.9303461768625122
54.01599999999999,Combine,0.7187091013433525,0.4086034997182452,0.9330026159040945
55.46199999999999,Combine,0.7262514876376289,0.4149885609649831,0.9355647595975461
56.90799999999999,Combine,0.7336665799217295,0.4214023465108998,0.9381272598860309
58.353999999999985,Combine,0.7409524608086911,0.4278428014521746,0.9406835867421584
59.80000000000001,Combine,0.7481074587306835,0.4343078349951528,0.9429184716201421
61.24600000000001,Combine,0.7551301434425136,0.44079532307421565,0.9450740250061258
62.69200000000001,Combine,0.7620193208054712,0.4484323490502582,0.9472726778037318
64.138,Combine,0.7687740269148335,0.45621148008609436,0.9498326823310869
65.584,Combine,0.7753935216352753,0.4640120352339805,0.9522746241413688
67.03,Combine,0.7818772816087124,0.4719846366405835,0.9546033518652031
68.476,Combine,0.7882249927988231,0.4796176750665647,0.9566260163882199
69.922,Combine,0.7944365426356393,0.4874011275271433,0.9585299820391828
71.368,Combine,0.8005120118222944,0.4951906878905072,0.9604011815714761
72.814,Combine,0.8064516658642359,0.5029825614841665,0.9620964565437402
74.25999999999999,Combine,0.8122559463790838,0.5107943240018755,0.9638818078362031
75.70599999999999,Combine,0.8179254622428267,0.5186376714017873,0.9655900710009968
77.15199999999999,Combine,0.8234609806253114,0.5264718537263716,0.9673664925466878
78.59799999999998,Combine,0.8288634179650007,0.5342930321425703,0.9687005101798831
80.04400000000001,Combine,0.8341338309298284,0.5420973933296773,0.9702142085672866
81.49000000000001,Combine,0.8392734074077017,0.5498811568737362,0.971396799103281
82.936,Combine,0.8442834575668483,0.5576405825254903,0.972493871582072
84.382,Combine,0.8491654050227935,0.5653719772925802,0.9736366082924574
85.828,Combine,0.8539207781453525,0.573071702337848,0.9749108023995315
87.274,Combine,0.858551201535641,0.5796822913763356,0.9761919684077071
88.72,Combine,0.8630583876997838,0.5859443740462059,0.9772130894730716
90.166,Combine,0.8674441289427659,0.5951445826055491,0.978189653602446
91.612,Combine,0.8717102895027393,0.6034833908643836,0.9791252596411542
93.05799999999999,Combine,0.8758587979430903,0.610234495392056,0.9800215502548865
94.50399999999999,Combine,0.8798916398167093,0.6166707850909228,0.9808801085621325
95.94999999999999,Combine,0.8838108506141928,0.6246559896229308,0.9817200883264066
97.39599999999999,Combine,0.887618509005154,0.6328666669916606,0.9825407926826738
98.84199999999998,Combine,0.8913167303794395,0.6403786230656673,0.9832951651775567
100.28799999999998,Combine,0.8949076606928376,0.6475778498443859,0.9840043658972242
101.73400000000001,Combine,0.8983934706198284,0.6547824744343316,0.9846839238083348
103.17999999999998,Combine,0.9017763500140628,0.6615693999585226,0.9853740328625069
104.626,Combine,0.9050585026755678,0.6687204487975277,0.9860432535118705
106.07199999999997,Combine,0.9082421414221483,0.6756374526177461,0.986682226261458
107.518,Combine,0.9113294834610985,0.6828077391316473,0.9873283899602578
108.96399999999997,Combine,0.9143227460561266,0.6905799197760822,0.987874924644867
110.41,Combine,0.9172241424833493,0.6972917040209426,0.9884310583426851
111.85600000000002,Combine,0.9200358782692883,0.7035241855330461,0.9889619690740427
113.30199999999999,Combine,0.9227601477030357,0.7096817678298999,0.9894687752309953
114.74800000000002,Combine,0.9253991306140907,0.7165327716426283,0.9899525479139291
116.19399999999999,Combine,0.9279549894068414,0.7229851262715142,0.990414312723159
117.64000000000001,Combine,0.9304298663422366,0.729506684875976,0.9908550515020209
119.08599999999998,Combine,0.9328258810568628,0.7347591533370564,0.9912756273542732
120.53200000000001,Combine,0.9351451283094092,0.7403015646130376,0.9916716821009769
121.97799999999998,Combine,0.9373896759443462,0.7462633367608045,0.9920498935300356
123.424,Combine,0.9395615630625693,0.7521611888039774,0.9924010689257328
124.86999999999998,Combine,0.941662798388746,0.758322207727249,0.9927275952384598
126.316,Combine,0.9436953588251555,0.7644869910888964,0.9930401879339841
127.76199999999997,Combine,0.9456611881819061,0.7700576268737166,0.9933394333610432
129.208,Combine,0.947562196073574,0.7753568681818316,0.9936258938892752
130.65399999999997,Combine,0.9494002569724852,0.780568780722342,0.993900108830903
132.1,Combine,0.95117720940909,0.7856931914798309,0.9941625953320666
-157.1,Hacienda,0.02216854047045787,0.003375909588751112,0.08802833073602652
-155.654,Hacienda,0.02299884238372999,0.003533088506706449,0.09064543020833617
-154.208,Hacienda,0.0238594836690473,0.003713495037026446,0.0929751442948007
-152.762,Hacienda,0.024751515156628545,0.0039030800958511783,0.0953481342967416
-151.316,Hacienda,0.025676019679764343,0.004102307000432298,0.09777519672085512
-149.87,Hacienda,0.026634112710459602,0.0043116620650694585,0.1002529808914199
-148.424,Hacienda,0.027626942979505662,0.004531655701284776,0.10277118827516478
-146.978,Hacienda,0.028655693077948383,0.00476282356625033,0.10534527109380684
-145.53199999999998,Hacienda,0.029721580036683827,0.005005727761111128,0.1079760951840755
-144.08599999999998,Hacienda,0.030825855880666716,0.005212915393132456,0.11066452070068931
-142.64,Hacienda,0.03196980815396116,0.0054236674253327725,0.11342651926015164
-141.194,Hacienda,0.03315476041159402,0.005642906124944004,0.11626569942241266
-139.748,Hacienda,0.03438207267389438,0.00588210956865028,0.11916654718306137
-138.302,Hacienda,0.035653141838712765,0.006181186394431456,0.12212992175803968
-136.856,Hacienda,0.03696940204661657,0.006496476944247144,0.1251567555579855
-135.41,Hacienda,0.03833232499384955,0.006827739553763589,0.12884516206659347
-133.964,Hacienda,0.039743420187528376,0.007175771798810919,0.13261454401079453
-132.518,Hacienda,0.041204235137225695,0.00754140987669976,0.13646843358613286
-131.072,Hacienda,0.04271635547676006,0.0079255303500496,0.14041621742683735
-129.626,Hacienda,0.044281405009678844,0.008329051955938508,0.14445046712254372
-128.18,Hacienda,0.0459010456715833,0.008752937481331432,0.14857982169556488
-126.734,Hacienda,0.04757697740210629,0.009202521749552156,0.1528062308764939
-125.288,Hacienda,0.04931093791901596,0.009679933966702465,0.15713076735311213
-123.842,Hacienda,0.051104702386583975,0.010181859312996477,0.16155444436425576
-122.39599999999999,Hacienda,0.052960082970029174,0.010709529389681382,0.16587995990883211
-120.94999999999999,Hacienda,0.05487892826752836,0.011264234803507753,0.17038813888976242
-119.50399999999999,Hacienda,0.05686312261097997,0.011840226209164315,0.175501685500511
-118.05799999999999,Hacienda,0.05891458522641632,0.01241346561090715,0.18035716482661693
-116.612,Hacienda,0.0610352692446912,0.013014094168558714,0.1853024254400965
-115.166,Hacienda,0.06322716055282596,0.013664024692215568,0.19035181609680032
-113.72,Hacienda,0.06549227647618368,0.014354330976210299,0.19507522020490023
-112.274,Hacienda,0.06783266428146391,0.015060909682853748,0.19983976959330646
-110.828,Hacienda,0.07025039949037401,0.0157125552013755,0.20468961490108512
-109.382,Hacienda,0.07274758399374609,0.016476048323306864,0.20961631743517037
-107.93599999999999,Hacienda,0.07532634395583475,0.017414173795917393,0.21462960005668733
-106.49,Hacienda,0.07798882749856033,0.018355200518470317,0.21972945011541875
-105.044,Hacienda,0.08073720215556016,0.019277885887013763,0.22550951586527768
-103.598,Hacienda,0.08357365208608526,0.02024599872394549,0.23145269879029912
-102.15199999999999,Hacienda,0.08650037503904141,0.021261677345422596,0.2375045079169611
-100.70599999999999,Hacienda,0.08951957905782715,0.02232715062834809,0.2431255493174534
-99.25999999999999,Hacienda,0.09263347891707809,0.02344474079821375,0.24878067672023027
-97.814,Hacienda,0.09584429228299474,0.02461686618764319,0.2545231332440857
-96.368,Hacienda,0.09915423558961643,0.025847170425533278,0.26035222410457265
-94.922,Hacienda,0.10256551962422232,0.027139145012633988,0.2677139768637502
-93.476,Hacienda,0.10608034481598727,0.028493814438678072,0.27481632778003784
-92.03,Hacienda,0.10970089622312106,0.029914028381863984,0.27983727059787167
-90.584,Hacienda,0.11342933821496341,0.03140274640217816,0.28488579027855243
-89.13799999999999,Hacienda,0.11726780884691387,0.032963040139790456,0.29069002726653015
-87.692,Hacienda,0.12121841392764729,0.034562484025611885,0.2969567252873849
-86.246,Hacienda,0.1252832207798019,0.03593386943612052,0.3031718771017388
-84.8,Hacienda,0.12946425169723932,0.03780215762287057,0.3097797020463073
-83.354,Hacienda,0.13376347710405984,0.039746510116019436,0.31634643967534487
-81.908,Hacienda,0.13818280842281416,0.041587478136503625,0.3236646334452792
-80.462,Hacienda,0.14272409066178254,0.04335741630098837,0.3310810203996713
-79.01599999999999,Hacienda,0.14738909473378872,0.04521259003355329,0.33858227493072823
-77.57,Hacienda,0.15217950952177092,0.047143248048398256,0.3461655347018925
-76.124,Hacienda,0.15709693370924085,0.049152122135388845,0.35382410214298665
-74.678,Hacienda,0.16214286739679942,0.0512420134235311,0.36153170050563527
-73.232,Hacienda,0.16731870352904535,0.05341579146579728,0.36928305214069745
-71.786,Hacienda,0.17262571915947394,0.055582050724968246,0.3758722770220629
-70.34,Hacienda,0.17806506658430316,0.05781147778634092,0.38398794697447103
-68.89399999999999,Hacienda,0.1836377643795575,0.06012581507684828,0.3924090516428461
-67.448,Hacienda,0.1893446883791463,0.06300947920749157,0.4001035086759509
-66.002,Hacienda,0.1951865626350715,0.06565195096873137,0.40829829885525476
-64.556,Hacienda,0.20116395040423665,0.0686394232990572,0.4173750730037763
-63.11,Hacienda,0.207277245209577,0.07122096740408487,0.42479329303090885
-61.664,Hacienda,0.2135266620263337,0.07404648163477028,0.43144227641313504
-60.218,Hacienda,0.21991222864721238,0.07652699407087632,0.4387947853383099
-58.77199999999999,Hacienda,0.2264337772828422,0.07976102344756514,0.44746438306291075
-57.32599999999999,Hacienda,0.23309093645634113,0.08350728964812523,0.45616604630590335
-55.879999999999995,Hacienda,0.23988312325283376,0.08706521688252322,0.4648945548529549
-54.434,Hacienda,0.2468095359864133,0.09062244167291181,0.473602532509472
-52.988,Hacienda,0.25386914734823335,0.09431099736232768,0.4803389849575516
-51.542,Hacienda,0.26106069810010435,0.09814132923184256,0.4868615566340881
-50.096000000000004,Hacienda,0.2683826913781082,0.10287698683052467,0.49345537564260633
-48.64999999999999,Hacienda,0.27583338767028215,0.10645926158548534,0.500054183027505
-47.20399999999999,Hacienda,0.28341080053132056,0.11036918885889398,0.5070754140074906
-45.757999999999996,Hacienda,0.2911126930954684,0.11474304201936804,0.5177792511221807
-44.312,Hacienda,0.29893657544629487,0.11992101534516753,0.5285627598024001
-42.866,Hacienda,0.3068797028988312,0.12533646851798724,0.5393105471631868
-41.42,Hacienda,0.3149390752456133,0.13103532118185024,0.547176318587401
-39.974000000000004,Hacienda,0.32311143701349015,0.1367843603794877,0.5549054076391681
-38.52799999999999,Hacienda,0.33139327877264974,0.14203359183698488,0.5618174527546347
-37.081999999999994,Hacienda,0.33978083953320476,0.1472410568039347,0.5703636003301029
-35.635999999999996,Hacienda,0.3482701102578923,0.15383685380101134,0.5802774106070503
-34.19,Hacienda,0.3568568385120304,0.16057063007335218,0.5889410465361129
-32.744,Hacienda,0.3655365342639002,0.16615464307485714,0.5981883780598187
-31.298000000000002,Hacienda,0.3743044768402404,0.17308944024760275,0.6073575768863959
-29.852000000000004,Hacienda,0.3831557230326591,0.1802512993966628,0.6162475620505282
-28.406000000000006,Hacienda,0.3920851163415504,0.18685855088938952,0.6241956983577728
-26.960000000000008,Hacienda,0.40108729733467957,0.1931457727194233,0.6320354195277516
-25.51400000000001,Hacienda,0.4101567150880598,0.1996327742097753,0.639858226750195
-24.068000000000012,Hacienda,0.4192876396672194,0.20629007122211618,0.6475590698359261
-22.621999999999986,Hacienda,0.4284741755975659,0.21451931589647832,0.6558444433252019
-21.175999999999988,Hacienda,0.4377102762634092,0.22159468473057953,0.6627959215082019
-19.72999999999999,Hacienda,0.4469897591664639,0.22871485656665314,0.6702808085682028
-18.283999999999992,Hacienda,0.4563063219663894,0.23621185299647804,0.6777144779074371
-16.837999999999994,Hacienda,0.4656535592183112,0.24374919266820502,0.6862503128373247
-15.391999999999996,Hacienda,0.4750249797153744,0.25146303468534903,0.6946984472344323
-13.945999999999998,Hacienda,0.48441402433833414,0.2593372796702934,0.7022983221638034
-12.5,Hacienda,0.49381408430906876,0.26739971043133004,0.7089969182791681
-11.054000000000002,Hacienda,0.5032185197407929,0.27562233453370305,0.715605912956935
-9.608000000000004,Hacienda,0.5126206783747166,0.2848608549606622,0.7219961296255049
-8.162000000000006,Hacienda,0.5220139143909748,0.29181531324914184,0.7292134978999996
-6.716000000000008,Hacienda,0.5313916071808953,0.2986317857410063,0.7390267682467209
-5.27000000000001,Hacienda,0.5407471799680637,0.3065918067833068,0.7458534777054924
-3.8240000000000123,Hacienda,0.5500741181672052,0.3154629392888218,0.7527766161224719
-2.377999999999986,Hacienda,0.5593659873725817,0.3249682174608547,0.7592920201926139
-0.931999999999988,Hacienda,0.5686164508713842,0.3350159427852821,0.7668914868060156
0.51400000000001,Hacienda,0.5778192865824051,0.34443840289783084,0.7744332867667346
1.960000000000008,Hacienda,0.5869684033260365,0.35339631316994397,0.7819372377213912
3.406000000000006,Hacienda,0.5960578563382789,0.3615684833474077,0.7893625679748562
4.852000000000004,Hacienda,0.6050818619488467,0.37051221404632273,0.7953389553115394
6.298000000000002,Hacienda,0.6140348113515169,0.3800623516503995,0.8011261455261541
7.744,Hacienda,0.6229112834034829,0.3897784212663496,0.8068470168462866
9.189999999999998,Hacienda,0.6317060563994984,0.398334394509055,0.8124460418430591
10.635999999999996,Hacienda,0.6404141187759266,0.4090540019250023,0.8178879608598356
12.081999999999994,Hacienda,0.6490306787093048,0.41793329609994967,0.8232061419878907
13.527999999999992,Hacienda,0.6575511725835854,0.4273247774517565,0.8284016014374413
14.97399999999999,Hacienda,0.665971272309685,0.4354167274663875,0.8341913761424576
16.419999999999987,Hacienda,0.6742868914902662,0.4434429516134712,0.8400955074858908
17.866000000000014,Hacienda,0.6824941904316802,0.4512023696144146,0.8447338322952094
19.312000000000012,Hacienda,0.6905895800136097,0.4590134815900739,0.8494201490257142
20.75800000000001,Hacienda,0.6985697244350969,0.468717037121848,0.8539414517015952
22.204000000000008,Hacienda,0.7064315428632404,0.47739099415849456,0.8583493862415779
23.650000000000006,Hacienda,0.7141722100178272,0.4866295036132413,0.8639970407463832
25.096000000000004,Hacienda,0.7217891557315018,0.49589082361743814,0.8698196553861637
26.542,Hacienda,0.729280063530705,0.5051549540823185,0.8738240987800993
27.988,Hacienda,0.7366428682875216,0.5145041199203597,0.8776631286069192
29.433999999999997,Hacienda,0.7438757529967607,0.5256576263602205,0.8823553436164048
30.879999999999995,Hacienda,0.7509771447360235,0.5349732687889499,0.8877165449464147
32.32599999999999,Hacienda,0.7579457098692232,0.5434155664441536,0.8925643212019665
33.77199999999999,Hacienda,0.7647803485560248,0.5519084451298526,0.8970488924614318
35.21799999999999,Hacienda,0.7714801886309729,0.5606911406898204,0.9005515372180014
36.66399999999999,Hacienda,0.7780445789167484,0.5702205271516965,0.9039420134726562
38.109999999999985,Hacienda,0.7844730820360286,0.5788968018724661,0.9075037482304964
39.55600000000001,Hacienda,0.7907654667859148,0.5869672747458916,0.9104142744935002
41.00200000000001,Hacienda,0.7969217001378445,0.5944730963105425,0.9135007921173942
42.44800000000001,Hacienda,0.8029419389244022,0.6019350125224715,0.9168511940083829
43.894000000000005,Hacienda,0.808826521272514,0.6098644767375653,0.9201194015661539
45.34,Hacienda,0.8145759578402326,0.6179176487940787,0.9232731067585825
46.786,Hacienda,0.8201909229117272,0.6262868214937123,0.9264292721412652
48.232,Hacienda,0.8256722454022395,0.6350915065354428,0.9296614741077847
49.678,Hacienda,0.831020899821728,0.6429812996152164,0.932863080012332
51.123999999999995,Hacienda,0.836237997242705,0.6504277559166319,0.9359289690694861
52.56999999999999,Hacienda,0.8413247763144651,0.6578015575971482,0.9388639947112569
54.01599999999999,Hacienda,0.8462825943625156,0.6650999048784481,0.9416729185611159
55.46199999999999,Hacienda,0.851112918608615,0.6724342681940655,0.9443604040304789
56.90799999999999,Hacienda,0.8558173175434219,0.6798826535401439,0.9469310109119433
58.353999999999985,Hacienda,0.8603974524804013,0.687240443218432,0.9493847995674983
59.80000000000001,Hacienda,0.8648550693163389,0.6945053905827798,0.9517274775091579
61.24600000000001,Hacienda,0.8691919905206245,0.7016928102960349,0.9539628997485357
62.69200000000001,Hacienda,0.8734101073723763,0.7109343797027609,0.9560950447743672
64.138,Hacienda,0.8775113724615338,0.720547871264939,0.9581321090739822
65.584,Hacienda,0.8814977924672348,0.7291376133950209,0.960078508449918
67.03,Hacienda,0.8853714212241532,0.7344631504052126,0.9617749013416762
68.476,Hacienda,0.8891343530849862,0.7397256252803354,0.9631958393361191
69.922,Hacienda,0.8927887165849643,0.7449198822236958,0.9646163609878817
71.368,Hacienda,0.8963366684121296,0.75004535015425,0.9662785331287337
72.814,Hacienda,0.8997803876851453,0.756557454927944,0.9676559302613887
74.25999999999999,Hacienda,0.9031220705386247,0.762378516317551,0.9690827023021853
75.70599999999999,Hacienda,0.9063639250143312,0.7678019986591286,0.9705164237201389
77.15199999999999,Hacienda,0.9095081662551504,0.7737937891401329,0.9718837714136205
78.59799999999998,Hacienda,0.9125570119974392,0.7796752594534108,0.9731872538292499
80.04400000000001,Hacienda,0.9155126783562092,0.7847873685157946,0.9744318825869241
81.49000000000001,Hacienda,0.9183773758966101,0.7895862221016007,0.9755903970354145
82.936,Hacienda,0.921153305984321,0.7943215430211262,0.9766336161431746
84.382,Hacienda,0.9238426574067268,0.7989791809885335,0.9776159132353827
85.828,Hacienda,0.9264476032561575,0.803888399700782,0.9785578095611213
87.274,Hacienda,0.9289702980659775,0.8097892416751707,0.9794608924749499
88.72,Hacienda,0.9314128751899212,0.8153765002694239,0.980541137084607
90.166,Hacienda,0.9337774444147867,0.8197987510000421,0.9815670606500723
91.612,Hacienda,0.9360660897963989,0.8241379011916614,0.9825398414332008
93.05799999999999,Hacienda,0.9382808677086268,0.8283944163188383,0.9833351694314841
94.50399999999999,Hacienda,0.940423805095193,0.8325688156626542,0.9840380174959525
95.94999999999999,Hacienda,0.942496897914028,0.8370274877922951,0.984711673661131
97.39599999999999,Hacienda,0.9445021097639931,0.8414275827824386,0.985438095179485
98.84199999999998,Hacienda,0.9464413706839153,0.8453689006625497,0.9861532732097923
100.28799999999998,Hacienda,0.9483165761140445,0.8492730936388512,0.9867670328638208
101.73400000000001,Hacienda,0.9501295860102442,0.8533884245737428,0.9873974285589814
103.17999999999998,Hacienda,0.9518822241014635,0.8574102416719446,0.9880185933365407
104.626,Hacienda,0.9535762772813001,0.8613396417824033,0.9886082703877548
106.07199999999997,Hacienda,0.9552134951247435,0.8651777674498543,0.9891510536564061
107.518,Hacienda,0.9567955895214938,0.8689258030751441,0.9896380028571139
108.96399999999997,Hacienda,0.9583242344175663,0.8725849711807735,0.990103308735303
110.41,Hacienda,0.9598010656572127,0.8761565287873472,0.9905479143120933
111.85600000000002,Hacienda,0.961227680917531,0.8796417639057271,0.9909722320058081
113.30199999999999,Hacienda,0.9626056397284625,0.8830419921488676,0.9913776654475458
114.74800000000002,Hacienda,0.9639364635712242,0.8863585534665153,0.9917650409939469
116.19399999999999,Hacienda,0.9652216360485503,0.8895988114460421,0.992135149702564
117.64000000000001,Hacienda,0.9664626031204636,0.8927643809181237,0.9924887491443852
119.08599999999998,Hacienda,0.9676607733996202,0.8958498024022732,0.9928298995029246
120.53200000000001,Hacienda,0.968817518500599,0.8988564992615085,0.9931758073673417
121.97799999999998,Hacienda,0.9699341734378271,0.9017859049375603,0.9935051223502279
123.424,Hacienda,0.9710120370671393,0.9046394604028544,0.9938161812342919
124.86999999999998,Hacienda,0.9720523725662739,0.9074186117424451,0.9940975038099487
126.316,Hacienda,0.9730564079498971,0.9101248078644251,0.9944040513651042
127.76199999999997,Hacienda,0.9740253366150305,0.9127594983369441,0.9946762344741648
129.208,Hacienda,0.9749603179130277,0.9153241313496251,0.9949352441019002
130.65399999999997,Hacienda,0.9758624777445039,0.9178201517968582,0.9951817115393664
132.1,Hacienda,0.9767329091738772,0.9200866857128074,0.9954162384287242
-157.1,Slums,0.013818542834342955,0.003314610462222865,0.04490560819044797
-155.654,Slums,0.014340690014319394,0.003479889342239554,0.046148723388423185
-154.208,Slums,0.014882269297920204,0.003653442672579156,0.04738479898002434
-152.762,Slums,0.015443980971863593,0.003835618370643194,0.04865222044903888
-151.316,Slums,0.016026548800850925,0.004026841403889353,0.05004750057079977
-149.87,Slums,0.01663072067853859,0.004227557337267327,0.05146212839714975
-148.424,Slums,0.017257269285622608,0.004438233295971799,0.05288046559727526
-146.978,Slums,0.017906992754097087,0.004659358969531265,0.05433565884199655
-145.53199999999998,Slums,0.01858071533663853,0.004891447658621822,0.05582854128348729
-144.08599999999998,Slums,0.019279288079948335,0.00513503736599822,0.05748544728369926
-142.64,Slums,0.02000358950076116,0.005381977360005913,0.059289439115880964
-141.194,Slums,0.020754526263090066,0.005627383692674472,0.06080464246054243
-139.748,Slums,0.021533033855137145,0.005883915675424483,0.06280161207864188
-138.302,Slums,0.022340077264143568,0.00615207161437914,0.06477495703528105
-136.856,Slums,0.023176651647291855,0.006432371563205012,0.06643668021575523
-135.41,Slums,0.02404378299659867,0.0067253582186598574,0.06813560037962955
-133.964,Slums,0.024942528795555287,0.007031597847942522,0.06987473237830358
-132.518,Slums,0.025873978665077905,0.0073743007910404956,0.0716548605730576
-131.072,Slums,0.026839254996127274,0.0077373023036452085,0.07378622406000149
-129.626,Slums,0.027839513566141172,0.008129525034589578,0.07601559171340375
-128.18,Slums,0.028875944136197523,0.008561760314170259,0.07830288240871809
-126.734,Slums,0.029949771025589444,0.009016771307981177,0.0806344632262951
-125.288,Slums,0.031062253660244503,0.009495735504221104,0.0825876105391375
-123.842,Slums,0.03221468709116225,0.00999988879016329,0.08458377872055735
-122.39599999999999,Slums,0.033408402478773136,0.010530528077113896,0.0866237037604998
-120.94999999999999,Slums,0.03464476753884254,0.01108901401307642,0.08870351981551902
-119.50399999999999,Slums,0.03592518694525197,0.011676773782444182,0.0908270279093077
-118.05799999999999,Slums,0.037251102684689986,0.012281134760694572,0.09366006938939238
-116.612,Slums,0.038623994357975124,0.012887959147816918,0.09663607715870358
-115.166,Slums,0.04004537942241734,0.013524356884179651,0.09969629653712624
-113.72,Slums,0.04151681336929781,0.014191727710197551,0.10284244486385617
-112.274,Slums,0.043039889830218656,0.014891533426437727,0.10607623152409151
-110.828,Slums,0.04461624060573812,0.015594309164598285,0.10913508782414429
-109.382,Slums,0.04624753560936886,0.016278402724209603,0.1125773173057704
-107.93599999999999,Slums,0.04793548271967993,0.01694579266206788,0.11550134098731124
-106.49,Slums,0.04968182753290448,0.017814683014084426,0.11825650061438464
-105.044,Slums,0.0514883530081231,0.01861704797220363,0.12104223011184657
-103.598,Slums,0.05335687899676521,0.01945337771586889,0.12419188952856644
-102.15199999999999,Slums,0.055289261647855734,0.020236784932741184,0.12742475283575264
-100.70599999999999,Slums,0.05728739268013007,0.021092133547370284,0.13058201979545506
-99.25999999999999,Slums,0.05935319851185452,0.022110481661875247,0.1336327195666207
-97.814,Slums,0.06148863923892642,0.02317686852567989,0.13674101967103106
-96.368,Slums,0.06369570745158919,0.024244735582569617,0.1399095483399283
-94.922,Slums,0.06597642687989139,0.02533475542529319,0.1437940181205901
-93.476,Slums,0.06833285085785056,0.026472461291976567,0.1465269880340804
-92.03,Slums,0.07076706059615533,0.027638790956403224,0.1513641330503875
-90.584,Slums,0.07328116325316231,0.02890075936337948,0.15524560721884614
-89.13799999999999,Slums,0.0758772897939248,0.030191692164815757,0.15901846454126123
-87.692,Slums,0.07855759262703185,0.031557248995734255,0.1628653360944901
-86.246,Slums,0.08132424300915003,0.03308475004761752,0.16678681417979405
-84.8,Slums,0.08417942820735336,0.03468355221931716,0.17078345257159758
-83.354,Slums,0.08712534840960623,0.03635672264861942,0.1749653432475391
-81.908,Slums,0.09016421337413853,0.03810894712756634,0.1806610591856978
-80.462,Slums,0.09329823880893212,0.03994777605445657,0.18598081442282494
-79.01599999999999,Slums,0.09652964247312931,0.041875654842893094,0.19274696629386262
-77.57,Slums,0.09986063999288637,0.04364132507638133,0.19931415861050883
-76.124,Slums,0.10329344038504028,0.045743274412570645,0.20317468941433453
-74.678,Slums,0.10683024128293477,0.047964492689623064,0.20704414436233587
-73.232,Slums,0.1104732238598814,0.050108993709201334,0.21096778182476078
-71.786,Slums,0.11422454744701051,0.052186437267887464,0.21494561957118832
-70.34,Slums,0.11808634384370674,0.05466229472219184,0.22001520169231578
-68.89399999999999,Slums,0.1220607113204284,0.05708441697064028,0.22570007667472727
-67.448,Slums,0.1261497083154852,0.05961377448085839,0.23203877621636543
-66.002,Slums,0.13035534682929606,0.062247811183257624,0.23870071196358833
-64.556,Slums,0.13467958552176829,0.06499019402939514,0.2454832960012888
-63.11,Slums,0.13912432252073503,0.06785084299875814,0.25216059099027294
-61.664,Slums,0.14369138795185243,0.07089774685011528,0.2591460613518044
-60.218,Slums,0.14838253620298822,0.07438120622006772,0.2662495826609109
-58.77199999999999,Slums,0.1531994379389213,0.0771225539971636,0.27296706981123675
-57.32599999999999,Slums,0.15814367188510886,0.0803481227850597,0.27941673331254413
-55.879999999999995,Slums,0.16321671640234514,0.08348496249106065,0.2863127540373997
-54.434,Slums,0.16841994087732307,0.08646756391117587,0.29334445804571135
-52.988,Slums,0.17375459695738982,0.08939596866455783,0.29968287583768227
-51.542,Slums,0.1792218096611429,0.09315628670888038,0.3068206643800287
-50.096000000000004,Slums,0.18482256839990902,0.0974426103971931,0.3150659054075915
-48.64999999999999,Slums,0.1905577179485586,0.10193115659631904,0.3233983481872177
-47.20399999999999,Slums,0.1964279494074939,0.10638579199163085,0.33184441188197866
-45.757999999999996,Slums,0.20243379120097502,0.11041566190283392,0.3411702335320794
-44.312,Slums,0.20857560016016552,0.11467379879998037,0.34922205424776964
-42.866,Slums,0.21485355274234924,0.11918321972683872,0.3578629507434527
-41.42,Slums,0.22126763644064182,0.12306278789622568,0.3667349397802639
-39.974000000000004,Slums,0.22781764144113864,0.1269565820499854,0.3756907430542013
-38.52799999999999,Slums,0.23450315258676396,0.13113391263355942,0.3843497596920247
-37.081999999999994,Slums,0.24132354170904538,0.1353442640182906,0.39141582659910223
-35.635999999999996,Slums,0.24827796039059674,0.1396618269997755,0.3986151057219713
-34.19,Slums,0.25536533322218125,0.1443655021828268,0.405847660670669
-32.744,Slums,0.2625843516188068,0.1486148962949952,0.41561317632781763
-31.298000000000002,Slums,0.2699334682593213,0.1532983952205951,0.4234172781921673
-29.852000000000004,Slums,0.27741089221338183,0.15940912062313795,0.43251302953023363
-28.406000000000006,Slums,0.28501458481843206,0.16523635693137656,0.4407783340020122
-26.960000000000008,Slums,0.2927422563673994,0.17062455587016623,0.4487818662195836
-25.51400000000001,Slums,0.30059136366518957,0.1760745179719145,0.4584861199990258
-24.068000000000012,Slums,0.3085591085086979,0.1814259113346588,0.468511370455851
-22.621999999999986,Slums,0.31664243714095763,0.18608482399577086,0.4776150573796702
-21.175999999999988,Slums,0.32483804072521144,0.19223885669509055,0.4876485687106672
-19.72999999999999,Slums,0.33314235687913835,0.1967668408455871,0.4980522147879717
-18.283999999999992,Slums,0.34155157230320615,0.20288744043235923,0.5089283560984328
-16.837999999999994,Slums,0.350061626530202,0.20954391712992085,0.519029900854134
-15.391999999999996,Slums,0.35866821681545996,0.21545093104336097,0.5288103205516077
-13.945999999999998,Slums,0.3673668041792109,0.22126517865198492,0.5379527975820205
-12.5,Slums,0.37615262060391635,0.22719246789044512,0.5488758619854798
-11.054000000000002,Slums,0.38502067738047907,0.23270595742916755,0.5591818194505108
-9.608000000000004,Slums,0.39396577458795956,0.239744334437281,0.568268700505437
-8.162000000000006,Slums,0.40298251168196797,0.24644064646863853,0.5790283608004237
-6.716000000000008,Slums,0.41206529915735235,0.25371460202543544,0.5889165037351256
-5.27000000000001,Slums,0.42120837124130056,0.26263058923543836,0.5982008532025143
-3.8240000000000123,Slums,0.4304057995636181,0.26905165092574107,0.6082775014158569
-2.377999999999986,Slums,0.4396515077418795,0.2754020593996328,0.6180327389022613
-0.931999999999988,Slums,0.4489392868104921,0.2811727064429724,0.6282284854551391
0.51400000000001,Slums,0.4582628114145834,0.28927071051041253,0.6382410444719654
1.960000000000008,Slums,0.4676156566821436,0.2954858148114584,0.6470754414303488
3.406000000000006,Slums,0.476991315681136,0.3028246713933647,0.6557770321846776
4.852000000000004,Slums,0.4863832173624266,0.3112922144206262,0.6648335255331834
6.298000000000002,Slums,0.4957847448844719,0.3199081856279485,0.6732958208454758
7.744,Slums,0.5051892542118166,0.3286488359975352,0.6813246820242083
9.189999999999998,Slums,0.5145900928766504,0.33681059791917134,0.6896175952025944
10.635999999999996,Slums,0.5239806187909922,0.34470965310625046,0.6982973736732891
12.081999999999994,Slums,0.5333542189965592,0.35274704484289526,0.7078375873152819
13.527999999999992,Slums,0.5427043282400067,0.3604593015711666,0.7163269954669449
14.97399999999999,Slums,0.5520244472630299,0.3681046265195667,0.7263332076230302
16.419999999999987,Slums,0.5613081606997309,0.37579291893890593,0.7351285173961012
17.866000000000014,Slums,0.5705491544776519,0.38351665850716316,0.7435381545008928
19.312000000000012,Slums,0.5797412326238904,0.3912788285090794,0.7519068626928458
20.75800000000001,Slums,0.5888783333836699,0.39909644209080575,0.7615499397020874
22.204000000000008,Slums,0.5979545445655323,0.4069658586352027,0.7711980353775796
23.650000000000006,Slums,0.606964118034885,0.41456457946697695,0.7790980114754648
25.096000000000004,Slums,0.6159014832858084,0.4204796855426655,0.7876994423744592
26.542,Slums,0.624761260029749,0.42914402461186635,0.7960454854928224
27.988,Slums,0.6335382697488141,0.4364700324726144,0.8041246289213478
29.433999999999997,Slums,0.6422275461707683,0.4457159736868678,0.81195143053499
30.879999999999995,Slums,0.6508243446323382,0.4550001062919329,0.8194218309571127
32.32599999999999,Slums,0.6593241503069842,0.4635719909091464,0.8259918042972492
33.77199999999999,Slums,0.6677226852827363,0.47186383520039465,0.8323715664144014
35.21799999999999,Slums,0.6760159144849317,0.4799749678136327,0.8385630627599002
36.66399999999999,Slums,0.6842000504476246,0.48813472507909944,0.8445684969629934
38.109999999999985,Slums,0.6922715569459531,0.4963328546871966,0.8507444324222857
39.55600000000001,Slums,0.7002271515097901,0.5045734747063688,0.8574774808827463
41.00200000000001,Slums,0.7080638068464763,0.5128116184650596,0.8639553476156788
42.44800000000001,Slums,0.7157787512072885,0.5210428116192205,0.8701833403201978
43.894000000000005,Slums,0.7233694677384771,0.5281604360808656,0.8761670668690528
45.34,Slums,0.7308336928632014,0.5366904359759508,0.8819123894229531
46.786,Slums,0.738169413745436,0.5443114475783641,0.8869602963405593
48.232,Slums,0.7453748648909515,0.5519137525555787,0.8909547510013773
49.678,Slums,0.7524485239437552,0.5602100359800978,0.894820470710674
51.123999999999995,Slums,0.7593891067389317,0.5675076168896034,0.8985605168958132
52.56999999999999,Slums,0.76619556167468,0.5745003307228824,0.9021819130739617
54.01599999999999,Slums,0.7728670634675108,0.5819515734455234,0.9058568984844941
55.46199999999999,Slums,0.7794030063550978,0.5892433741973713,0.9099952916870389
56.90799999999999,Slums,0.7858029968112001,0.5963386526318954,0.9139690414972347
58.353999999999985,Slums,0.7920668458364382,0.6033938611362728,0.9177829395524278
59.80000000000001,Slums,0.7981945608875645,0.6104063168826233,0.9214414176989726
61.24600000000001,Slums,0.8041863375062698,0.6173734061620687,0.9252194743890179
62.69200000000001,Slums,0.8100425507065637,0.6242925879057875,0.929001772817329
64.138,Slums,0.8157637461774131,0.6308824553694633,0.9326066133391434
65.584,Slums,0.821350631354675,0.6369831468083607,0.9360409358892359
67.03,Slums,0.8268040664134673,0.6430400527766728,0.939311549296215
68.476,Slums,0.8321250552290305,0.6490524682766972,0.942425118056587
69.922,Slums,0.8373147363509045,0.6562143593920952,0.9453881512164154
71.368,Slums,0.8423743740319113,0.6636015691840934,0.9480976616951462
72.814,Slums,0.8473053493500416,0.6709096062770792,0.9503895699016136
74.25999999999999,Slums,0.8521091514579368,0.6776427798940452,0.952585255465078
75.70599999999999,Slums,0.8567873689912608,0.6840298554344865,0.9546863043210619
77.15199999999999,Slums,0.8613416816639121,0.6903482040788708,0.9566940810431601
78.59799999999998,Slums,0.8657738520747483,0.6965962441374858,0.9586167463643726
80.04400000000001,Slums,0.8700857177473287,0.7017020136339212,0.9604575631205744
81.49000000000001,Slums,0.8742791834211152,0.7062833618563202,0.9622176280838718
82.936,Slums,0.8783562136096622,0.7108232587662553,0.9639022955630001
84.382,Slums,0.8823188254385396,0.7163546517163547,0.9655137894802664
85.828,Slums,0.8861690817731336,0.7220851458656773,0.9672729416298842
87.274,Slums,0.8899090846440127,0.7277913604035264,0.9690075091456422
88.72,Slums,0.8935409689752749,0.7338974789687823,0.970588794031826
90.166,Slums,0.897066896619186,0.7405124921028504,0.971760488832223
91.612,Slums,0.9004890506984936,0.747019667010218,0.9728861745173805
93.05799999999999,Slums,0.9038096302560407,0.7534179133987978,0.9741322726119594
94.50399999999999,Slums,0.9070308452097173,0.7597063024296163,0.9753646546092872
95.94999999999999,Slums,0.9101549116093657,0.7656421895563803,0.9764227512964917
97.39599999999999,Slums,0.9131840471909894,0.7708751612701681,0.9774341381808818
98.84199999999998,Slums,0.9161204672225078,0.7760254630968926,0.978499944632271
100.28799999999998,Slums,0.9189663806343238,0.7810928665739887,0.9795487537904606
101.73400000000001,Slums,0.9217239864271569,0.7860772209958556,0.9805474118429907
103.17999999999998,Slums,0.9243954703488778,0.790978451125173,0.981498220028839
104.626,Slums,0.9269830018315133,0.7957965548256958,0.9824033832715198
106.07199999999997,Slums,0.9294887311791161,0.8005316006273384,0.9832650133075309
107.518,Slums,0.9319147869968297,0.8051837252340848,0.9840851318061763
108.96399999999997,Slums,0.9342632738512128,0.8097531309849346,0.9848614224463034
110.41,Slums,0.936536270151698,0.8142400832777457,0.9855557912848638
111.85600000000002,Slums,0.9387358262429568,0.8186450431222267,0.98621875264442
113.30199999999999,Slums,0.9408639626979055,0.8229727417765063,0.9868516873151403
114.74800000000002,Slums,0.942922668801118,0.8272194766747977,0.9874559189733197
116.19399999999999,Slums,0.9449139012124851,0.831391692331101,0.9880327162169618
117.64000000000001,Slums,0.9468395828010999,0.8354831902972201,0.9885832945596197
119.08599999999998,Slums,0.9487016016395168,0.8394945640822061,0.9891088183800933
120.53200000000001,Slums,0.9505018101487438,0.8434264524609963,0.9896104028260182
121.97799999999998,Slums,0.9522420243845655,0.8472795368676563,0.9900891156697863
123.424,Slums,0.9539240234560681,0.8510545388213843,0.9905453918114917
124.86999999999998,Slums,0.9555495490675135,0.8547522173907689,0.9909805895756728
126.316,Slums,0.9571203051750282,0.8583733667013355,0.9913959290901047
127.76199999999997,Slums,0.9586379577498767,0.8619188134909315,0.991792300828218
129.208,Slums,0.9601041346404302,0.8653894147170567,0.992170556745052
130.65399999999997,Slums,0.961520425525261,0.868786055219793,0.9925315118154229
132.1,Slums,0.9628883819501431,0.8721096454435637,0.9928787758082137
-157.1,Summit,0.01473450040666225,0.0031544941660695065,0.05002420345718133
-155.654,Summit,0.0152907213081709,0.0033059191547860555,0.05136451926954394
-154.208,Summit,0.01586760114768557,0.003458289267236422,0.05274468676314633
-152.762,Summit,0.01646588125778481,0.0036295741220089984,0.05415170976995642
-151.316,Summit,0.017086327580251935,0.0037972974887342274,0.055575898001957225
-149.87,Summit,0.017729731328769687,0.003952782295633456,0.05705468259032008
-148.424,Summit,0.01839690965703409,0.004114844023943312,0.05870445056747656
-146.978,Summit,0.019088706331153126,0.004284159048966663,0.06091141781201023
-145.53199999999998,Summit,0.019805992405071984,0.004460413233359252,0.06267265373147271
-144.08599999999998,Summit,0.020549666897633705,0.004643888509090489,0.0641527989743693
-142.64,Summit,0.021320657469743085,0.0048382420506718005,0.06574906712509865
-141.194,Summit,0.022119921099950354,0.005064615304093969,0.06786144957560773
-139.748,Summit,0.022948444756611664,0.0053024401667794594,0.06940764125819472
-138.302,Summit,0.023807246064612826,0.005554155913811584,0.07120834911677476
-136.856,Summit,0.024697373964463237,0.005847033071012151,0.07339022035499712
-135.41,Summit,0.02561990936137562,0.006155820913387215,0.07562827200762298
-133.964,Summit,0.02657596576174671,0.006480809905020833,0.07792883670548008
-132.518,Summit,0.027566689894241554,0.006822838557926751,0.08028173933251792
-131.072,Summit,0.02859326231246142,0.007182787536052561,0.0826970848330628
-129.626,Summit,0.0296568979759409,0.007561581638976977,0.08477804909752103
-128.18,Summit,0.030758846805975036,0.00796019186409527,0.08665752853920262
-126.734,Summit,0.03190039421252072,0.008383728179202625,0.0892927598774038
-125.288,Summit,0.03308286158814993,0.008820558841249777,0.09264026038258506
-123.842,Summit,0.03430760676475452,0.009239628452431392,0.09523488177670253
-122.39599999999999,Summit,0.035576024428414066,0.009637344341958063,0.09759407141789225
-120.94999999999999,Summit,0.03688954648754089,0.010136115237084202,0.10000529711538014
-119.50399999999999,Summit,0.038249642389109294,0.01061883014607739,0.10302927913563459
-118.05799999999999,Summit,0.03965781937746066,0.011097621865473008,0.10640056469609456
-116.612,Summit,0.041115622689853366,0.011572647586739307,0.10962809785929145
-115.166,Summit,0.04262463568259777,0.012117794044044878,0.11345919025817217
-113.72,Summit,0.044186479881282326,0.012637695245252267,0.11695374128895691
-112.274,Summit,0.045802814948260405,0.013153346586427922,0.12027019583537446
-110.828,Summit,0.047475338560228265,0.013665845998388637,0.12308008207927831
-109.382,Summit,0.04920578618838765,0.01424245418809015,0.12594565252608997
-107.93599999999999,Summit,0.050995930773351315,0.014847333261946772,0.12960779093301839
-106.49,Summit,0.05284758228662197,0.015538772487994075,0.13366493041270813
-105.044,Summit,0.05476258717015496,0.016193256595664892,0.13679843934774716
-103.598,Summit,0.05674282764520796,0.01689228106287379,0.1399763575364978
-102.15199999999999,Summit,0.05879022088139057,0.017585416054030103,0.14321589544603894
-100.70599999999999,Summit,0.060906718016555894,0.018323477719133764,0.14686495228789176
-99.25999999999999,Summit,0.06309430301793068,0.01909293590098085,0.15148249021122095
-97.814,Summit,0.0653549913746659,0.019895664022332154,0.15621869377010872
-96.368,Summit,0.06769082861180922,0.020804813764979987,0.16107493763379394
-94.922,Summit,0.0701038886155627,0.021767558406424123,0.16605250379822772
-93.476,Summit,0.07259627175959783,0.022672782451867855,0.17108016508915255
-92.03,Summit,0.07517010282216453,0.023613982197338935,0.1764083354437962
-90.584,Summit,0.07782752868375402,0.024593270189760694,0.18178636598406675
-89.13799999999999,Summit,0.08057071579517042,0.025612104667390986,0.1875701882419841
-87.692,Summit,0.08340184740603673,0.02667442575435408,0.19289922889298178
-86.246,Summit,0.0863231205440147,0.02783991400932321,0.198392322732366
-84.8,Summit,0.08933674273536767,0.02896350886167088,0.20386870427821974
-83.354,Summit,0.09244492845794614,0.030576681027346203,0.2103790475877111
-81.908,Summit,0.0956498953182347,0.031585377160546685,0.21666192657919947
-80.462,Summit,0.09895385994478041,0.03264658403350346,0.22293802841053054
-79.01599999999999,Summit,0.1023590335911288,0.033986408834749605,0.2293427271266603
-77.57,Summit,0.10586761744233678,0.03537921006140321,0.23587559283416412
-76.124,Summit,0.10948179762022003,0.036826914574745455,0.24253396589334256
-74.678,Summit,0.1132037398837285,0.03833248087087875,0.24927271821757963
-73.232,Summit,0.11703558402224151,0.03989721431590814,0.2561355150198372
-71.786,Summit,0.12097943794113361,0.041523062425067606,0.26193472107454024
-70.34,Summit,0.12503737144069077,0.04330246594929004,0.26770431461218075
-68.89399999999999,Summit,0.12921140969135647,0.04539041928731082,0.2735539920978159
-67.448,Summit,0.13350352641036187,0.04757410345335055,0.27999724644186397
-66.002,Summit,0.1379156367470423,0.04985741743035848,0.28752822138774947
-64.556,Summit,0.1424495898865605,0.05224437075170074,0.2951788928376246
-63.11,Summit,0.1471071613843446,0.05420517025278309,0.3023572766856612
-61.664,Summit,0.15189004524629496,0.05615464370465761,0.3107658651128048
-60.218,Summit,0.1567998457727122,0.05817106927191461,0.31823252313887485
-58.77199999999999,Summit,0.16183806918693114,0.0601050277780295,0.32709570439461577
-57.32599999999999,Summit,0.16700611507280474,0.06239336163563105,0.3353832112627302
-55.879999999999995,Summit,0.17230526764843734,0.06472211669051359,0.34377346921622853
-54.434,Summit,0.17773668690690445,0.06756875942339072,0.3522212183772715
-52.988,Summit,0.18330139965808528,0.07053269302415154,0.36071494050700237
-51.542,Summit,0.18900029050914244,0.07362308882489442,0.36935635290378366
-50.096000000000004,Summit,0.1948340928245804,0.0768377210166219,0.37735943568021946
-48.64999999999999,Summit,0.2008033797101599,0.07989465374118535,0.38501846838026194
-47.20399999999999,Summit,0.20690855506819575,0.08251257451478856,0.3927349250519916
-45.757999999999996,Summit,0.21314984477488177,0.0853379106563986,0.40050533486578654
-44.312,Summit,0.21952728803321447,0.08911131355371062,0.41132931267524875
-42.866,Summit,0.2260407289577805,0.09249755915018122,0.4228045112597174
-41.42,Summit,0.23268980845007936,0.0957502051148806,0.43196985197702303
-39.974000000000004,Summit,0.23947395642511596,0.09910476803946587,0.44113366103502427
-38.52799999999999,Summit,0.2463923844516705,0.10256355617068202,0.4503377509553228
-37.081999999999994,Summit,0.25344407886987114,0.10612886687134035,0.4596080694168895
-35.635999999999996,Summit,0.2606277944504213,0.10981233105265399,0.4708724238296483
-34.19,Summit,0.2679420486599997,0.11383254739605224,0.4825441040918107
-32.744,Summit,0.27538511659693193,0.11763700765350127,0.4941205811561028
-31.298000000000002,Summit,0.2829550266601662,0.12201451525559763,0.5056097725872707
-29.852000000000004,Summit,0.29064955701285156,0.12653503236557337,0.5138266198937607
-28.406000000000006,Summit,0.2984662328993764,0.13120830752779924,0.5221679330586335
-26.960000000000008,Summit,0.30640232487156316,0.13604395925820476,0.5298191044008554
-25.51400000000001,Summit,0.31445484797581535,0.1409945427895005,0.5378882664962895
-24.068000000000012,Summit,0.32262056194837807,0.14610064833701386,0.5455712754851504
-22.621999999999986,Summit,0.3308959724605071,0.1513786357166952,0.5557476340335777
-21.175999999999988,Summit,0.33927733344927163,0.15581733737048137,0.5691077924562562
-19.72999999999999,Summit,0.34776065056296923,0.16164336628638118,0.5780505317470653
-18.283999999999992,Summit,0.35634168574275477,0.16647123905450872,0.5856110962903113
-16.837999999999994,Summit,0.36501596295414046,0.17062770357904772,0.5936720719856008
-15.391999999999996,Summit,0.37377877507357693,0.17519697368636328,0.6031684823469088
-13.945999999999998,Summit,0.38262519192645533,0.18077381320021213,0.6146564244861118
-12.5,Summit,0.39155006946367915,0.18575720907611432,0.6256523407910257
-11.054000000000002,Summit,0.4005480600545339,0.19187904040590975,0.6344788538620005
-9.608000000000004,Summit,0.4096136238640496,0.19825101469746761,0.6444148663213186
-8.162000000000006,Summit,0.41874104127351963,0.2047856995556567,0.6548342007262982
-6.716000000000008,Summit,0.42792442629343636,0.2105805219917224,0.6661140518493596
-5.27000000000001,Summit,0.43715774090894627,0.21574919762489572,0.6764119925538965
-3.8240000000000123,Summit,0.4464348102891464,0.22385435146335392,0.6865026211080092
-2.377999999999986,Summit,0.45574933878326446,0.2288872101692124,0.6962909719469437
-0.931999999999988,Summit,0.4650949266190952,0.23508613344308305,0.7060937503312019
0.51400000000001,Summit,0.4744650872121386,0.24196746624859805,0.7156459584321092
1.960000000000008,Summit,0.48385326498777426,0.24905458785054163,0.7250086176477681
3.406000000000006,Summit,0.49325285361363935,0.2558350425747058,0.7330381515938247
4.852000000000004,Summit,0.5026572145352037,0.2635527228258512,0.7397941155810711
6.298000000000002,Summit,0.5120596957044333,0.2709568001522161,0.7477094123911517
7.744,Summit,0.5214536503894556,0.27849040898396216,0.7567929106736627
9.189999999999998,Summit,0.5308324559523012,0.28617703145042817,0.7656271102076045
10.635999999999996,Summit,0.5401895324821302,0.29353073507376476,0.7740601226699514
12.081999999999994,Summit,0.5495183611728315,0.2989037037857475,0.782504429751337
13.527999999999992,Summit,0.5588125023365091,0.3043329518451807,0.7908060537529042
14.97399999999999,Summit,0.5680656129480758,0.30981751409905617,0.7987847488106367
16.419999999999987,Summit,0.577271463620924,0.31736505360154194,0.8051297966827581
17.866000000000014,Summit,0.5864239549193553,0.32573798054800085,0.811321825678371
19.312000000000012,Summit,0.5955171329200292,0.33522422765267823,0.8178587906591611
20.75800000000001,Summit,0.6045452039420579,0.3422023960519194,0.8249489092971604
22.204000000000008,Summit,0.6135025483733973,0.35007028846469995,0.8312782942667579
23.650000000000006,Summit,0.6223837335297673,0.35848006390499904,0.8377272647610714
25.096000000000004,Summit,0.6311835254913367,0.3669961958211549,0.8439527204796576
26.542,Summit,0.6398968998717308,0.3758317479395386,0.8499728407593191
27.988,Summit,0.6485190514833951,0.3842351169638655,0.8562267662973367
29.433999999999997,Summit,0.6570454028729119,0.3929371675236873,0.8624478240560498
30.879999999999995,Summit,0.665471611709339,0.3999607102852272,0.8676126619005426
32.32599999999999,Summit,0.6737935770179473,0.40835744126637713,0.8721439342611679
33.77199999999999,Summit,0.682007444260758,0.41950021383559544,0.8772487805394018
35.21799999999999,Summit,0.6901096092739172,0.4284921135835122,0.882164797681942
36.66399999999999,Summit,0.698096721080122,0.4363616622352435,0.8869082862592329
38.109999999999985,Summit,0.7059656836019443,0.445990993913808,0.8920090551487103
39.55600000000001,Summit,0.7137136563089189,0.4556291673738899,0.8969339581657537
41.00200000000001,Summit,0.7213380538376422,0.46478140087518555,0.9015724783365762
42.44800000000001,Summit,0.7288365446297924,0.47325292844559375,0.9046259393656996
43.894000000000005,Summit,0.7362070486379455,0.4822256670879519,0.9087739657510262
45.34,Summit,0.7434477341532749,0.49064445380202765,0.9131449956524187
46.786,Summit,0.7505570138127085,0.49876742673287816,0.9169882712248195
48.232,Summit,0.7575335398458686,0.5096129236698151,0.9203305515089115
49.678,Summit,0.7643761986241556,0.5198028836403759,0.9234816042249534
51.123999999999995,Summit,0.771084104575694,0.5289424084083629,0.9265756855598852
52.56999999999999,Summit,0.7776565935305486,0.5364953214039969,0.9296520504484632
54.01599999999999,Summit,0.7840932155607105,0.5437320374026173,0.93253451919942
55.46199999999999,Summit,0.7903937273788522,0.5501111896487909,0.9353070647712876
56.90799999999999,Summit,0.7965580843588542,0.558121076691696,0.9381978586024952
58.353999999999985,Summit,0.8025864322396122,0.5661746299258994,0.9410622051194093
59.80000000000001,Summit,0.8084790985717389,0.575237930187147,0.943801730810572
61.24600000000001,Summit,0.814236583964513,0.581976758380511,0.9464211503047275
62.69200000000001,Summit,0.8198595531878498,0.587747744006388,0.9488530535024204
64.138,Summit,0.825348826181233,0.5946264305044652,0.9509021144813532
65.584,Summit,0.8307053690185147,0.6023751266497018,0.9531797099192859
67.03,Summit,0.8359302848742854,0.6100728158020051,0.9553657991909349
68.476,Summit,0.8410248050342107,0.6177160357800747,0.9574543471404017
69.922,Summit,0.845990279988349,0.6253014295322095,0.9594447640556367
71.368,Summit,0.850828170643059,0.6328257503594915,0.9613433246018113
72.814,Summit,0.8555400396837057,0.6402858667063344,0.9631207985374084
74.25999999999999,Summit,0.8601275431170013,0.647678766507442,0.9647512003161685
75.70599999999999,Summit,0.8645924220185381,0.655001561083021,0.9664777681096841
77.15199999999999,Summit,0.8689364945078513,0.6604392130974905,0.9681165849833311
78.59799999999998,Summit,0.8731616479702697,0.6657695946805392,0.9696234402977197
80.04400000000001,Summit,0.8772698315418533,0.6710579421668609,0.9708101123903846
81.49000000000001,Summit,0.8812630488708957,0.6763032583465648,0.9719490985426918
82.936,Summit,0.8851433511668211,0.6815045866700503,0.9730448245334161
84.382,Summit,0.8889128305448082,0.6866610116020627,0.9740988407973521
85.828,Summit,0.8925736136721512,0.6926662738089719,0.975112649443031
87.274,Summit,0.8961278557202162,0.6988075611983305,0.9761437281263503
88.72,Summit,0.899577734623883,0.7052281580950132,0.9772038127100651
90.166,Summit,0.902925445648548,0.7116910615779232,0.9782166066960492
91.612,Summit,0.906173196263143,0.7180749900072938,0.9791852763757446
93.05799999999999,Summit,0.9093232013161472,0.7243954045913865,0.9801117463867928
94.50399999999999,Summit,0.9123776785102725,0.730902197035478,0.9809977788251081
95.94999999999999,Summit,0.9153388441703436,0.7376695666147287,0.9818450688753545
97.39599999999999,Summit,0.9182089092978933,0.7443262529121879,0.9826552467598523
98.84199999999998,Summit,0.920990075905128,0.7508710416842566,0.9834298796864752
100.28799999999998,Summit,0.9236845336201817,0.7573028916373965,0.984201722594769
101.73400000000001,Summit,0.9262944565549686,0.7636209307481474,0.9849622068011624
103.17999999999998,Summit,0.9288220004264474,0.7698351971131745,0.9856866135344994
104.626,Summit,0.9312692999217129,0.7759355322422452,0.986376604286069
106.07199999999997,Summit,0.9336384662970445,0.7812366526243346,0.9870337687532609
107.518,Summit,0.9359315852008284,0.785424937032481,0.9876596274912364
108.96399999999997,Summit,0.9381507147101464,0.7899447724365073,0.9882556345112733
110.41,Summit,0.9402978835707706,0.7955328529354325,0.9888231798218567
111.85600000000002,Summit,0.9423750896303115,0.8010350632611002,0.9893635919093046
113.30199999999999,Summit,0.9443842984543402,0.8064950199741008,0.9898781401553544
114.74800000000002,Summit,0.9463274421154185,0.8116679382052313,0.9903680371897274
116.19399999999999,Summit,0.9482064181451346,0.8167953450812255,0.9908344411761936
117.64000000000001,Summit,0.9500230886394473,0.8218348903665779,0.9912784580311245
119.08599999999998,Summit,0.9517792795078664,0.8267816367413242,0.9917011435739305
120.53200000000001,Summit,0.9534767798572649,0.8316191643504355,0.9921035056091331
121.97799999999998,Summit,0.9551173415013953,0.8363483209571513,0.992486505940147
123.424,Summit,0.9567026785874879,0.84097004044178,0.9928510623151177
124.86999999999998,Summit,0.9582344673316163,0.8454853373034108,0.9931980503054029
126.316,Summit,0.9597143458548526,0.849885739821191,0.9935283051174947
127.76199999999997,Summit,0.9611439141125496,0.8537954611686782,0.9938426233393596
129.208,Summit,0.9625247339094425,0.8575856947709832,0.9941417646223187
130.65399999999997,Summit,0.9638583289935874,0.8612936044636246,0.9944264532997296
132.1,Summit,0.9651461852224977,0.8649201524936367,0.9946958905947021
